i,clean_acc,ptb_acc,inv_acc
0,1.0,0.0,0.800000011920929
1,0.9599999785423279,0.0,0.7300000190734863
2,0.9800000190734863,0.0,0.7400000095367432
3,0.9399999976158142,0.0,0.7900000214576721
4,0.9399999976158142,0.0,0.7400000095367432
5,0.9599999785423279,0.0,0.7599999904632568
6,1.0,0.0,0.75
7,1.0,0.0,0.7599999904632568
8,0.9800000190734863,0.0,0.7400000095367432
9,0.9599999785423279,0.0,0.75
10,0.9800000190734863,0.0,0.7400000095367432
11,0.9599999785423279,0.0,0.7699999809265137
12,0.9800000190734863,0.0,0.7799999713897705
13,0.9200000166893005,0.0,0.7799999713897705
14,0.9300000071525574,0.0,0.7300000190734863
15,0.9300000071525574,0.0,0.7400000095367432
16,0.9700000286102295,0.0,0.75
17,0.9599999785423279,0.0,0.7900000214576721
18,0.9700000286102295,0.0,0.7599999904632568
19,0.9900000095367432,0.0,0.75
20,0.9800000190734863,0.0,0.7300000190734863
21,0.9700000286102295,0.0,0.75
22,0.9800000190734863,0.0,0.7799999713897705
23,0.9599999785423279,0.0,0.75
24,0.9599999785423279,0.009999999776482582,0.7099999785423279
25,0.9800000190734863,0.0,0.7599999904632568
26,0.9300000071525574,0.0,0.7200000286102295
27,0.949999988079071,0.0,0.7699999809265137
28,0.9599999785423279,0.009999999776482582,0.7699999809265137
29,0.9599999785423279,0.009999999776482582,0.75
30,0.9800000190734863,0.0,0.7699999809265137
31,0.9599999785423279,0.009999999776482582,0.7300000190734863
32,0.9599999785423279,0.0,0.7300000190734863
33,0.9599999785423279,0.009999999776482582,0.75
34,0.9200000166893005,0.019999999552965164,0.7300000190734863
35,0.9399999976158142,0.009999999776482582,0.7400000095367432
36,0.949999988079071,0.05999999865889549,0.7900000214576721
37,0.9599999785423279,0.0,0.7699999809265137
38,0.9200000166893005,0.03999999910593033,0.7799999713897705
39,0.9200000166893005,0.0,0.6899999976158142
40,0.949999988079071,0.0,0.7799999713897705
41,0.9399999976158142,0.05000000074505806,0.7900000214576721
42,0.949999988079071,0.009999999776482582,0.7400000095367432
43,0.9300000071525574,0.03999999910593033,0.75
44,0.9200000166893005,0.029999999329447746,0.7799999713897705
45,0.9300000071525574,0.03999999910593033,0.7200000286102295
46,0.9399999976158142,0.05000000074505806,0.7599999904632568
47,0.9599999785423279,0.009999999776482582,0.7599999904632568
48,0.949999988079071,0.0,0.7400000095367432
49,0.9599999785423279,0.019999999552965164,0.7699999809265137
50,0.9700000286102295,0.09000000357627869,0.7400000095367432
51,0.9700000286102295,0.0,0.75
52,0.949999988079071,0.07999999821186066,0.75
53,0.9700000286102295,0.019999999552965164,0.7799999713897705
54,0.9700000286102295,0.029999999329447746,0.7400000095367432
55,0.9700000286102295,0.0,0.75
56,0.9599999785423279,0.07999999821186066,0.7900000214576721
57,0.949999988079071,0.029999999329447746,0.7900000214576721
58,0.9599999785423279,0.10000000149011612,0.7900000214576721
59,0.949999988079071,0.05000000074505806,0.75
60,0.949999988079071,0.05999999865889549,0.75
61,0.9599999785423279,0.07000000029802322,0.7799999713897705
62,0.9599999785423279,0.03999999910593033,0.7900000214576721
63,0.9399999976158142,0.10000000149011612,0.7799999713897705
64,0.9300000071525574,0.11999999731779099,0.7900000214576721
65,0.9800000190734863,0.07999999821186066,0.7699999809265137
66,0.9900000095367432,0.07999999821186066,0.7900000214576721
67,0.9399999976158142,0.07000000029802322,0.7699999809265137
68,0.9800000190734863,0.1599999964237213,0.7799999713897705
69,0.9700000286102295,0.0,0.75
70,0.9300000071525574,0.09000000357627869,0.8100000023841858
71,0.9599999785423279,0.10000000149011612,0.8100000023841858
72,0.9300000071525574,0.0,0.7799999713897705
73,0.8999999761581421,0.019999999552965164,0.7300000190734863
74,0.9399999976158142,0.019999999552965164,0.7699999809265137
75,0.9399999976158142,0.18000000715255737,0.7699999809265137
76,0.9599999785423279,0.10999999940395355,0.800000011920929
77,0.9700000286102295,0.15000000596046448,0.8199999928474426
78,0.9800000190734863,0.18000000715255737,0.8100000023841858
79,0.949999988079071,0.009999999776482582,0.7599999904632568
80,0.9599999785423279,0.17000000178813934,0.7599999904632568
81,0.9599999785423279,0.14000000059604645,0.75
82,0.9100000262260437,0.12999999523162842,0.7799999713897705
83,0.9399999976158142,0.09000000357627869,0.7599999904632568
84,0.949999988079071,0.12999999523162842,0.7699999809265137
85,0.9700000286102295,0.11999999731779099,0.7599999904632568
86,0.949999988079071,0.12999999523162842,0.800000011920929
87,0.9300000071525574,0.07999999821186066,0.7400000095367432
88,0.9599999785423279,0.09000000357627869,0.7300000190734863
89,0.949999988079071,0.03999999910593033,0.8100000023841858
90,0.9599999785423279,0.03999999910593033,0.800000011920929
91,0.949999988079071,0.1599999964237213,0.7599999904632568
92,0.9800000190734863,0.029999999329447746,0.7799999713897705
93,0.9700000286102295,0.1599999964237213,0.7699999809265137
94,0.9800000190734863,0.11999999731779099,0.7400000095367432
95,0.9900000095367432,0.14000000059604645,0.7400000095367432
96,0.9100000262260437,0.029999999329447746,0.7200000286102295
97,0.8399999737739563,0.009999999776482582,0.7200000286102295
98,0.9599999785423279,0.03999999910593033,0.800000011920929
99,0.9700000286102295,0.07000000029802322,0.75
100,0.949999988079071,0.10000000149011612,0.7599999904632568
101,0.9800000190734863,0.14000000059604645,0.75
102,0.949999988079071,0.14000000059604645,0.7699999809265137
103,0.9599999785423279,0.1899999976158142,0.7799999713897705
104,0.9700000286102295,0.05999999865889549,0.7400000095367432
105,0.949999988079071,0.17000000178813934,0.75
106,0.9700000286102295,0.03999999910593033,0.7099999785423279
107,0.9200000166893005,0.05000000074505806,0.7799999713897705
108,0.9300000071525574,0.05000000074505806,0.7099999785423279
109,1.0,0.10000000149011612,0.75
110,0.9599999785423279,0.11999999731779099,0.7699999809265137
111,0.9800000190734863,0.18000000715255737,0.7599999904632568
112,0.9700000286102295,0.10000000149011612,0.7400000095367432
113,0.9900000095367432,0.1899999976158142,0.7400000095367432
114,0.9800000190734863,0.10999999940395355,0.7699999809265137
115,0.9800000190734863,0.14000000059604645,0.75
116,0.9800000190734863,0.05999999865889549,0.7699999809265137
117,0.9800000190734863,0.12999999523162842,0.6800000071525574
118,0.949999988079071,0.10000000149011612,0.7699999809265137
119,0.949999988079071,0.05999999865889549,0.75
120,0.9800000190734863,0.1599999964237213,0.7599999904632568
121,0.9800000190734863,0.09000000357627869,0.7900000214576721
122,0.949999988079071,0.03999999910593033,0.8100000023841858
123,1.0,0.05999999865889549,0.7900000214576721
124,0.9599999785423279,0.11999999731779099,0.7900000214576721
125,0.949999988079071,0.07000000029802322,0.800000011920929
126,0.9599999785423279,0.029999999329447746,0.75
127,0.9599999785423279,0.05000000074505806,0.8100000023841858
128,0.949999988079071,0.25999999046325684,0.7599999904632568
129,0.9300000071525574,0.05999999865889549,0.7300000190734863
130,0.9599999785423279,0.14000000059604645,0.7699999809265137
131,0.9599999785423279,0.15000000596046448,0.75
132,0.9599999785423279,0.1899999976158142,0.7400000095367432
133,0.9599999785423279,0.05999999865889549,0.8100000023841858
134,0.949999988079071,0.07999999821186066,0.75
135,0.9399999976158142,0.1899999976158142,0.7599999904632568
136,0.949999988079071,0.2199999988079071,0.75
137,0.9800000190734863,0.07999999821186066,0.75
138,0.949999988079071,0.20999999344348907,0.7599999904632568
139,0.949999988079071,0.10999999940395355,0.7699999809265137
140,0.9700000286102295,0.11999999731779099,0.7900000214576721
141,0.8999999761581421,0.20999999344348907,0.7400000095367432
142,0.949999988079071,0.019999999552965164,0.7900000214576721
143,0.9100000262260437,0.07999999821186066,0.7599999904632568
144,0.949999988079071,0.07999999821186066,0.7699999809265137
145,0.9300000071525574,0.05999999865889549,0.7599999904632568
146,0.9700000286102295,0.20999999344348907,0.7699999809265137
147,0.949999988079071,0.05999999865889549,0.7699999809265137
148,0.9599999785423279,0.25,0.7699999809265137
149,0.949999988079071,0.07999999821186066,0.7599999904632568
150,0.9700000286102295,0.20999999344348907,0.7699999809265137
151,0.9399999976158142,0.05000000074505806,0.7699999809265137
152,0.9200000166893005,0.009999999776482582,0.75
153,0.8199999928474426,0.10000000149011612,0.800000011920929
154,0.8899999856948853,0.10999999940395355,0.7799999713897705
155,0.9599999785423279,0.07000000029802322,0.7400000095367432
156,0.9300000071525574,0.20999999344348907,0.7599999904632568
157,0.949999988079071,0.03999999910593033,0.7699999809265137
158,0.9399999976158142,0.10000000149011612,0.7900000214576721
159,0.8700000047683716,0.019999999552965164,0.7699999809265137
160,0.9100000262260437,0.07999999821186066,0.7799999713897705
161,0.9100000262260437,0.15000000596046448,0.75
162,0.9200000166893005,0.20999999344348907,0.7799999713897705
163,0.9300000071525574,0.10000000149011612,0.7699999809265137
164,0.9599999785423279,0.1899999976158142,0.7900000214576721
165,0.9200000166893005,0.029999999329447746,0.7799999713897705
166,0.8999999761581421,0.20999999344348907,0.8100000023841858
167,0.9599999785423279,0.03999999910593033,0.7699999809265137
168,0.9200000166893005,0.20999999344348907,0.7799999713897705
169,0.9700000286102295,0.019999999552965164,0.7900000214576721
170,0.8999999761581421,0.12999999523162842,0.7900000214576721
171,0.9599999785423279,0.15000000596046448,0.7799999713897705
172,0.9399999976158142,0.05999999865889549,0.7400000095367432
173,0.949999988079071,0.20999999344348907,0.7699999809265137
174,0.9300000071525574,0.18000000715255737,0.7699999809265137
175,0.9200000166893005,0.30000001192092896,0.800000011920929
176,0.9399999976158142,0.03999999910593033,0.7599999904632568
177,0.8399999737739563,0.09000000357627869,0.7799999713897705
178,0.9599999785423279,0.03999999910593033,0.7599999904632568
179,0.949999988079071,0.07000000029802322,0.75
180,0.9399999976158142,0.17000000178813934,0.7599999904632568
181,0.9599999785423279,0.10000000149011612,0.7699999809265137
182,0.9200000166893005,0.11999999731779099,0.800000011920929
183,0.9399999976158142,0.12999999523162842,0.8100000023841858
184,0.9100000262260437,0.10999999940395355,0.7599999904632568
185,0.9399999976158142,0.05000000074505806,0.75
186,0.9599999785423279,0.15000000596046448,0.8100000023841858
187,0.9599999785423279,0.20000000298023224,0.7699999809265137
188,0.9700000286102295,0.07000000029802322,0.7699999809265137
189,0.8799999952316284,0.15000000596046448,0.800000011920929
190,0.9399999976158142,0.23000000417232513,0.7699999809265137
191,0.9599999785423279,0.23000000417232513,0.7900000214576721
192,0.9399999976158142,0.07999999821186066,0.75
193,0.8999999761581421,0.12999999523162842,0.7300000190734863
194,0.9300000071525574,0.10999999940395355,0.75
195,0.9300000071525574,0.18000000715255737,0.7400000095367432
196,0.9300000071525574,0.25,0.7599999904632568
197,0.9300000071525574,0.18000000715255737,0.7400000095367432
198,0.9399999976158142,0.11999999731779099,0.7599999904632568
199,0.8399999737739563,0.07999999821186066,0.7599999904632568
200,0.9100000262260437,0.07000000029802322,0.7599999904632568
201,0.9599999785423279,0.23999999463558197,0.7799999713897705
202,0.8600000143051147,0.05999999865889549,0.7599999904632568
203,0.949999988079071,0.1899999976158142,0.7799999713897705
204,0.9100000262260437,0.05000000074505806,0.7599999904632568
205,0.9700000286102295,0.25,0.7900000214576721
206,0.949999988079071,0.23000000417232513,0.7900000214576721
207,0.9599999785423279,0.03999999910593033,0.7400000095367432
208,0.9599999785423279,0.14000000059604645,0.7900000214576721
209,0.9800000190734863,0.15000000596046448,0.800000011920929
210,0.9399999976158142,0.18000000715255737,0.7900000214576721
211,0.9800000190734863,0.2199999988079071,0.7799999713897705
212,0.949999988079071,0.14000000059604645,0.800000011920929
213,0.9399999976158142,0.07000000029802322,0.7599999904632568
214,0.9300000071525574,0.25999999046325684,0.7599999904632568
215,0.9900000095367432,0.07999999821186066,0.7400000095367432
216,0.9800000190734863,0.23999999463558197,0.7799999713897705
217,0.9800000190734863,0.18000000715255737,0.7799999713897705
218,0.9599999785423279,0.17000000178813934,0.8100000023841858
219,1.0,0.23999999463558197,0.7699999809265137
220,0.9599999785423279,0.23000000417232513,0.8100000023841858
221,0.9800000190734863,0.25,0.800000011920929
222,0.9200000166893005,0.1899999976158142,0.8100000023841858
223,0.9700000286102295,0.28999999165534973,0.7799999713897705
224,0.9300000071525574,0.15000000596046448,0.8100000023841858
225,0.9100000262260437,0.10000000149011612,0.7699999809265137
226,0.9700000286102295,0.14000000059604645,0.800000011920929
227,0.9599999785423279,0.12999999523162842,0.7799999713897705
228,0.9700000286102295,0.25999999046325684,0.7900000214576721
229,0.9599999785423279,0.20000000298023224,0.7799999713897705
230,0.9700000286102295,0.25,0.800000011920929
231,0.949999988079071,0.18000000715255737,0.8100000023841858
232,0.8899999856948853,0.20999999344348907,0.8199999928474426
233,0.9300000071525574,0.23000000417232513,0.8100000023841858
234,0.9599999785423279,0.10999999940395355,0.7799999713897705
235,0.8899999856948853,0.30000001192092896,0.7900000214576721
236,0.9599999785423279,0.27000001072883606,0.800000011920929
237,0.9599999785423279,0.18000000715255737,0.8100000023841858
238,0.9599999785423279,0.3199999928474426,0.800000011920929
239,0.9300000071525574,0.12999999523162842,0.7200000286102295
240,0.9700000286102295,0.23000000417232513,0.7799999713897705
241,0.9200000166893005,0.1599999964237213,0.800000011920929
242,0.9300000071525574,0.27000001072883606,0.7900000214576721
243,0.9200000166893005,0.11999999731779099,0.7799999713897705
244,0.9599999785423279,0.23999999463558197,0.7799999713897705
245,0.9700000286102295,0.2199999988079071,0.7400000095367432
246,0.949999988079071,0.15000000596046448,0.8199999928474426
247,0.9300000071525574,0.1599999964237213,0.7799999713897705
248,0.949999988079071,0.20000000298023224,0.7699999809265137
249,0.9200000166893005,0.12999999523162842,0.7599999904632568
250,0.9300000071525574,0.3100000023841858,0.7699999809265137
251,0.9399999976158142,0.12999999523162842,0.7599999904632568
252,0.9800000190734863,0.1599999964237213,0.7799999713897705
253,0.9200000166893005,0.18000000715255737,0.8100000023841858
254,0.9599999785423279,0.25,0.8199999928474426
255,0.949999988079071,0.1599999964237213,0.8199999928474426
256,0.9200000166893005,0.3100000023841858,0.8199999928474426
257,0.8999999761581421,0.23000000417232513,0.800000011920929
258,0.9200000166893005,0.27000001072883606,0.800000011920929
259,0.949999988079071,0.15000000596046448,0.7900000214576721
260,0.9100000262260437,0.25,0.8100000023841858
261,0.949999988079071,0.25,0.800000011920929
262,0.949999988079071,0.28999999165534973,0.8100000023841858
263,0.9300000071525574,0.1599999964237213,0.8100000023841858
264,0.9300000071525574,0.1899999976158142,0.800000011920929
265,0.9399999976158142,0.18000000715255737,0.800000011920929
266,0.9599999785423279,0.25999999046325684,0.7599999904632568
267,0.9300000071525574,0.23000000417232513,0.7799999713897705
268,0.8999999761581421,0.3199999928474426,0.7900000214576721
269,0.9700000286102295,0.05000000074505806,0.7900000214576721
270,0.9200000166893005,0.27000001072883606,0.7699999809265137
271,0.9700000286102295,0.2800000011920929,0.7900000214576721
272,0.9300000071525574,0.1899999976158142,0.7900000214576721
273,0.9200000166893005,0.27000001072883606,0.7799999713897705
274,0.9399999976158142,0.28999999165534973,0.7699999809265137
275,0.949999988079071,0.3499999940395355,0.800000011920929
276,0.9599999785423279,0.3199999928474426,0.7799999713897705
277,0.9399999976158142,0.28999999165534973,0.8100000023841858
278,0.9700000286102295,0.1899999976158142,0.7799999713897705
279,0.949999988079071,0.2800000011920929,0.7900000214576721
280,0.9399999976158142,0.3700000047683716,0.7799999713897705
281,0.9100000262260437,0.15000000596046448,0.7900000214576721
282,0.9399999976158142,0.3799999952316284,0.7799999713897705
283,0.9599999785423279,0.2199999988079071,0.7599999904632568
284,0.9599999785423279,0.3199999928474426,0.7900000214576721
285,0.9800000190734863,0.3400000035762787,0.7599999904632568
286,0.9399999976158142,0.4300000071525574,0.7900000214576721
287,0.949999988079071,0.3199999928474426,0.7699999809265137
288,0.9200000166893005,0.1899999976158142,0.7300000190734863
289,0.8700000047683716,0.17000000178813934,0.7200000286102295
290,0.949999988079071,0.3100000023841858,0.7300000190734863
291,0.9599999785423279,0.27000001072883606,0.7599999904632568
292,0.9399999976158142,0.20000000298023224,0.7200000286102295
293,0.9100000262260437,0.28999999165534973,0.7200000286102295
294,0.9399999976158142,0.14000000059604645,0.7400000095367432
295,0.9399999976158142,0.3499999940395355,0.7699999809265137
296,0.949999988079071,0.2199999988079071,0.7799999713897705
297,0.949999988079071,0.3499999940395355,0.7699999809265137
298,0.9599999785423279,0.28999999165534973,0.7799999713897705
299,0.9200000166893005,0.2800000011920929,0.7699999809265137
300,0.9200000166893005,0.10999999940395355,0.7900000214576721
301,0.9399999976158142,0.33000001311302185,0.800000011920929
302,0.9200000166893005,0.1899999976158142,0.7699999809265137
303,0.949999988079071,0.20000000298023224,0.7699999809265137
304,0.9200000166893005,0.12999999523162842,0.7799999713897705
305,0.9599999785423279,0.28999999165534973,0.7400000095367432
306,0.9300000071525574,0.20999999344348907,0.7599999904632568
307,0.9700000286102295,0.27000001072883606,0.7599999904632568
308,0.9700000286102295,0.23999999463558197,0.7799999713897705
309,0.9700000286102295,0.33000001311302185,0.7699999809265137
310,0.9300000071525574,0.14000000059604645,0.7599999904632568
311,0.9399999976158142,0.3199999928474426,0.7799999713897705
312,0.9700000286102295,0.3499999940395355,0.7699999809265137
313,0.9800000190734863,0.23000000417232513,0.7599999904632568
314,0.9599999785423279,0.28999999165534973,0.8100000023841858
315,0.9900000095367432,0.25,0.7900000214576721
316,0.9599999785423279,0.20000000298023224,0.800000011920929
317,0.9800000190734863,0.28999999165534973,0.7900000214576721
318,0.9599999785423279,0.25,0.7599999904632568
319,0.9900000095367432,0.44999998807907104,0.7799999713897705
320,0.9599999785423279,0.20000000298023224,0.7799999713897705
321,0.949999988079071,0.3499999940395355,0.7900000214576721
322,0.9200000166893005,0.2199999988079071,0.7799999713897705
323,0.9300000071525574,0.36000001430511475,0.7900000214576721
324,0.9599999785423279,0.30000001192092896,0.7799999713897705
325,0.9700000286102295,0.3700000047683716,0.7900000214576721
326,0.9800000190734863,0.25999999046325684,0.7599999904632568
327,0.949999988079071,0.3799999952316284,0.800000011920929
328,0.9599999785423279,0.33000001311302185,0.7599999904632568
329,0.9599999785423279,0.3799999952316284,0.7900000214576721
330,0.9700000286102295,0.3700000047683716,0.7599999904632568
331,0.949999988079071,0.3700000047683716,0.800000011920929
332,0.9399999976158142,0.18000000715255737,0.800000011920929
333,0.9399999976158142,0.33000001311302185,0.7900000214576721
334,0.9800000190734863,0.1599999964237213,0.7599999904632568
335,0.9599999785423279,0.4099999964237213,0.8100000023841858
336,0.9399999976158142,0.3799999952316284,0.800000011920929
337,0.949999988079071,0.4399999976158142,0.800000011920929
338,0.9700000286102295,0.3700000047683716,0.800000011920929
339,0.9599999785423279,0.28999999165534973,0.800000011920929
340,0.949999988079071,0.3499999940395355,0.8100000023841858
341,0.8899999856948853,0.4099999964237213,0.7699999809265137
342,0.9800000190734863,0.23999999463558197,0.7900000214576721
343,0.9300000071525574,0.3199999928474426,0.7300000190734863
344,0.9200000166893005,0.23000000417232513,0.7799999713897705
345,0.9800000190734863,0.25,0.7599999904632568
346,0.9800000190734863,0.36000001430511475,0.7699999809265137
347,0.9300000071525574,0.12999999523162842,0.7599999904632568
348,0.949999988079071,0.4099999964237213,0.7599999904632568
349,0.9599999785423279,0.2199999988079071,0.7699999809265137
350,0.9700000286102295,0.4699999988079071,0.7699999809265137
351,0.9399999976158142,0.3499999940395355,0.7799999713897705
352,0.9599999785423279,0.28999999165534973,0.7699999809265137
353,0.9800000190734863,0.3799999952316284,0.75
354,0.9100000262260437,0.25999999046325684,0.7599999904632568
355,0.9900000095367432,0.27000001072883606,0.7799999713897705
356,0.8700000047683716,0.36000001430511475,0.7799999713897705
357,0.9200000166893005,0.1899999976158142,0.7900000214576721
358,0.9599999785423279,0.30000001192092896,0.7699999809265137
359,0.9399999976158142,0.28999999165534973,0.7699999809265137
360,0.949999988079071,0.36000001430511475,0.7799999713897705
361,0.9800000190734863,0.3799999952316284,0.7799999713897705
362,0.9399999976158142,0.36000001430511475,0.800000011920929
363,0.9399999976158142,0.38999998569488525,0.800000011920929
364,0.9399999976158142,0.23999999463558197,0.75
365,0.9300000071525574,0.3499999940395355,0.75
366,0.949999988079071,0.3400000035762787,0.75
367,0.949999988079071,0.1899999976158142,0.7699999809265137
368,0.9300000071525574,0.3499999940395355,0.800000011920929
369,0.9700000286102295,0.23000000417232513,0.7900000214576721
370,0.9300000071525574,0.3199999928474426,0.7900000214576721
371,0.9900000095367432,0.3199999928474426,0.7900000214576721
372,0.949999988079071,0.3400000035762787,0.7799999713897705
373,0.9200000166893005,0.33000001311302185,0.7699999809265137
374,0.9200000166893005,0.1899999976158142,0.7900000214576721
375,0.9700000286102295,0.4000000059604645,0.7900000214576721
376,0.9700000286102295,0.4099999964237213,0.7799999713897705
377,0.949999988079071,0.3799999952316284,0.8100000023841858
378,0.9300000071525574,0.4399999976158142,0.7599999904632568
379,0.949999988079071,0.30000001192092896,0.7799999713897705
380,0.949999988079071,0.27000001072883606,0.7699999809265137
381,0.9599999785423279,0.36000001430511475,0.7799999713897705
382,0.9399999976158142,0.4300000071525574,0.7599999904632568
383,0.9399999976158142,0.4000000059604645,0.7699999809265137
384,0.9399999976158142,0.38999998569488525,0.800000011920929
385,0.949999988079071,0.2800000011920929,0.7799999713897705
386,0.949999988079071,0.3799999952316284,0.7799999713897705
387,0.9300000071525574,0.36000001430511475,0.7799999713897705
388,0.9599999785423279,0.44999998807907104,0.7699999809265137
389,0.8999999761581421,0.3499999940395355,0.7200000286102295
390,0.9599999785423279,0.4300000071525574,0.7400000095367432
391,0.949999988079071,0.4300000071525574,0.7699999809265137
392,0.9599999785423279,0.36000001430511475,0.7599999904632568
393,0.9100000262260437,0.3499999940395355,0.7900000214576721
394,0.9700000286102295,0.36000001430511475,0.7699999809265137
395,0.9700000286102295,0.4099999964237213,0.7900000214576721
396,0.949999988079071,0.3799999952316284,0.7099999785423279
397,0.949999988079071,0.4099999964237213,0.7400000095367432
398,0.9599999785423279,0.3199999928474426,0.7699999809265137
399,0.9599999785423279,0.44999998807907104,0.7699999809265137
400,0.9599999785423279,0.4399999976158142,0.7799999713897705
401,0.9800000190734863,0.33000001311302185,0.7599999904632568
402,0.9599999785423279,0.18000000715255737,0.75
403,0.9599999785423279,0.30000001192092896,0.7400000095367432
404,0.949999988079071,0.18000000715255737,0.7400000095367432
405,0.9800000190734863,0.38999998569488525,0.7300000190734863
406,0.949999988079071,0.30000001192092896,0.75
407,0.9900000095367432,0.41999998688697815,0.75
408,0.9399999976158142,0.25,0.7599999904632568
409,0.9700000286102295,0.25999999046325684,0.7599999904632568
410,0.9300000071525574,0.36000001430511475,0.7699999809265137
411,0.9599999785423279,0.2800000011920929,0.7699999809265137
412,0.9800000190734863,0.3700000047683716,0.75
413,0.9200000166893005,0.36000001430511475,0.7400000095367432
414,0.9700000286102295,0.33000001311302185,0.7300000190734863
415,0.9900000095367432,0.33000001311302185,0.7400000095367432
416,0.9700000286102295,0.36000001430511475,0.75
417,0.9900000095367432,0.3400000035762787,0.75
418,0.9399999976158142,0.25,0.7900000214576721
419,1.0,0.44999998807907104,0.7599999904632568
420,0.949999988079071,0.3199999928474426,0.7799999713897705
421,0.9800000190734863,0.4099999964237213,0.7699999809265137
422,0.949999988079071,0.3499999940395355,0.7699999809265137
423,0.9599999785423279,0.3700000047683716,0.7599999904632568
424,0.9700000286102295,0.41999998688697815,0.7699999809265137
425,0.9200000166893005,0.3400000035762787,0.7699999809265137
426,0.9599999785423279,0.28999999165534973,0.7699999809265137
427,0.9700000286102295,0.4099999964237213,0.7699999809265137
428,1.0,0.41999998688697815,0.7300000190734863
429,0.9700000286102295,0.4699999988079071,0.7599999904632568
430,0.9700000286102295,0.41999998688697815,0.7599999904632568
431,0.949999988079071,0.30000001192092896,0.8100000023841858
432,0.9200000166893005,0.23999999463558197,0.7200000286102295
433,0.9700000286102295,0.38999998569488525,0.699999988079071
434,0.9700000286102295,0.36000001430511475,0.699999988079071
435,0.9399999976158142,0.4099999964237213,0.7400000095367432
436,0.949999988079071,0.3700000047683716,0.75
437,0.9700000286102295,0.3700000047683716,0.7900000214576721
438,0.9700000286102295,0.46000000834465027,0.7699999809265137
439,0.9700000286102295,0.44999998807907104,0.7699999809265137
440,0.9800000190734863,0.47999998927116394,0.7599999904632568
441,0.9200000166893005,0.4099999964237213,0.7799999713897705
442,0.9800000190734863,0.36000001430511475,0.7699999809265137
443,0.9900000095367432,0.4099999964237213,0.75
444,0.9599999785423279,0.3199999928474426,0.7599999904632568
445,0.9900000095367432,0.5,0.7799999713897705
446,0.9700000286102295,0.4300000071525574,0.7699999809265137
447,0.9599999785423279,0.38999998569488525,0.7900000214576721
448,0.9399999976158142,0.4000000059604645,0.7799999713897705
449,0.9900000095367432,0.4300000071525574,0.7699999809265137
450,0.949999988079071,0.5,0.7799999713897705
451,0.9800000190734863,0.4399999976158142,0.7699999809265137
452,0.9800000190734863,0.3799999952316284,0.7699999809265137
453,0.9700000286102295,0.4000000059604645,0.7599999904632568
454,0.9900000095367432,0.38999998569488525,0.7900000214576721
455,0.9599999785423279,0.4300000071525574,0.7699999809265137
456,0.9399999976158142,0.4699999988079071,0.7900000214576721
457,0.9399999976158142,0.28999999165534973,0.7699999809265137
458,0.9700000286102295,0.41999998688697815,0.7799999713897705
459,0.9300000071525574,0.4099999964237213,0.800000011920929
460,0.9599999785423279,0.4300000071525574,0.800000011920929
461,0.9599999785423279,0.5400000214576721,0.8100000023841858
462,0.9599999785423279,0.4699999988079071,0.800000011920929
463,0.9700000286102295,0.5400000214576721,0.8199999928474426
464,0.949999988079071,0.5099999904632568,0.8199999928474426
465,0.9700000286102295,0.4300000071525574,0.8100000023841858
466,0.9800000190734863,0.4000000059604645,0.8100000023841858
467,0.9700000286102295,0.47999998927116394,0.8199999928474426
468,0.9599999785423279,0.47999998927116394,0.7900000214576721
469,0.9800000190734863,0.36000001430511475,0.7799999713897705
470,0.949999988079071,0.4300000071525574,0.7799999713897705
471,0.9700000286102295,0.38999998569488525,0.800000011920929
472,0.9599999785423279,0.5299999713897705,0.7900000214576721
473,0.9599999785423279,0.38999998569488525,0.7699999809265137
474,0.9399999976158142,0.5,0.7900000214576721
475,0.9700000286102295,0.44999998807907104,0.800000011920929
476,0.9800000190734863,0.5,0.8100000023841858
477,0.9399999976158142,0.46000000834465027,0.800000011920929
478,0.9599999785423279,0.5,0.7900000214576721
479,0.9300000071525574,0.4300000071525574,0.7699999809265137
480,0.949999988079071,0.41999998688697815,0.7699999809265137
481,0.949999988079071,0.550000011920929,0.7799999713897705
482,0.9700000286102295,0.4699999988079071,0.8100000023841858
483,0.9700000286102295,0.5199999809265137,0.7799999713897705
484,0.9599999785423279,0.49000000953674316,0.800000011920929
485,0.949999988079071,0.49000000953674316,0.7799999713897705
486,0.9599999785423279,0.5600000023841858,0.7900000214576721
487,0.949999988079071,0.49000000953674316,0.7699999809265137
488,0.9800000190734863,0.5,0.7699999809265137
489,0.9300000071525574,0.5099999904632568,0.7799999713897705
490,0.9300000071525574,0.38999998569488525,0.800000011920929
491,0.9900000095367432,0.41999998688697815,0.7900000214576721
492,0.949999988079071,0.3799999952316284,0.75
493,0.8999999761581421,0.550000011920929,0.7599999904632568
494,0.9399999976158142,0.3799999952316284,0.800000011920929
495,0.949999988079071,0.5,0.7799999713897705
496,0.9100000262260437,0.47999998927116394,0.7900000214576721
497,0.9399999976158142,0.4099999964237213,0.7900000214576721
498,0.9399999976158142,0.4699999988079071,0.800000011920929
499,0.949999988079071,0.30000001192092896,0.7900000214576721
500,0.949999988079071,0.46000000834465027,0.7699999809265137
501,0.9599999785423279,0.33000001311302185,0.8199999928474426
502,0.9300000071525574,0.27000001072883606,0.8199999928474426
503,0.9300000071525574,0.36000001430511475,0.7699999809265137
504,0.949999988079071,0.27000001072883606,0.7799999713897705
505,0.9800000190734863,0.41999998688697815,0.800000011920929
506,0.9399999976158142,0.4000000059604645,0.7799999713897705
507,0.949999988079071,0.4099999964237213,0.75
508,0.9599999785423279,0.4399999976158142,0.7599999904632568
509,0.9700000286102295,0.5,0.7400000095367432
510,0.9599999785423279,0.38999998569488525,0.7300000190734863
511,0.9399999976158142,0.5,0.75
512,0.9599999785423279,0.3700000047683716,0.7400000095367432
513,0.949999988079071,0.49000000953674316,0.7300000190734863
514,0.9700000286102295,0.44999998807907104,0.7799999713897705
515,0.9599999785423279,0.38999998569488525,0.7599999904632568
516,0.9599999785423279,0.46000000834465027,0.7599999904632568
517,0.9900000095367432,0.49000000953674316,0.7400000095367432
518,0.9399999976158142,0.4099999964237213,0.7599999904632568
519,0.9800000190734863,0.5600000023841858,0.7900000214576721
520,0.9599999785423279,0.41999998688697815,0.8199999928474426
521,0.9800000190734863,0.47999998927116394,0.7900000214576721
522,0.9800000190734863,0.4300000071525574,0.7699999809265137
523,0.9800000190734863,0.49000000953674316,0.75
524,0.9900000095367432,0.46000000834465027,0.75
525,0.9399999976158142,0.4699999988079071,0.7599999904632568
526,0.9700000286102295,0.46000000834465027,0.7799999713897705
527,0.949999988079071,0.44999998807907104,0.8100000023841858
528,0.9599999785423279,0.41999998688697815,0.8399999737739563
529,0.9700000286102295,0.5299999713897705,0.8100000023841858
530,0.9700000286102295,0.4300000071525574,0.8100000023841858
531,0.9700000286102295,0.5,0.8100000023841858
532,0.9599999785423279,0.3400000035762787,0.8199999928474426
533,0.9599999785423279,0.44999998807907104,0.8199999928474426
534,0.9599999785423279,0.4699999988079071,0.800000011920929
535,0.9800000190734863,0.5400000214576721,0.7799999713897705
536,0.9800000190734863,0.6000000238418579,0.8100000023841858
537,0.9800000190734863,0.5,0.800000011920929
538,0.9700000286102295,0.5299999713897705,0.8100000023841858
539,0.9599999785423279,0.3799999952316284,0.75
540,0.9800000190734863,0.5400000214576721,0.7699999809265137
541,0.9399999976158142,0.47999998927116394,0.75
542,0.9800000190734863,0.4699999988079071,0.7599999904632568
543,0.9800000190734863,0.5,0.800000011920929
544,0.9900000095367432,0.46000000834465027,0.7900000214576721
545,0.9800000190734863,0.44999998807907104,0.800000011920929
546,1.0,0.5699999928474426,0.8100000023841858
547,0.9700000286102295,0.46000000834465027,0.8199999928474426
548,0.9900000095367432,0.5299999713897705,0.800000011920929
549,0.9800000190734863,0.47999998927116394,0.7900000214576721
550,0.9700000286102295,0.5600000023841858,0.800000011920929
551,0.9800000190734863,0.5600000023841858,0.7799999713897705
552,0.9900000095367432,0.5099999904632568,0.7900000214576721
553,0.9900000095367432,0.6000000238418579,0.8100000023841858
554,0.9800000190734863,0.5699999928474426,0.7900000214576721
555,0.9700000286102295,0.5400000214576721,0.8100000023841858
556,0.9700000286102295,0.5899999737739563,0.7900000214576721
557,0.9599999785423279,0.4099999964237213,0.7799999713897705
558,0.9399999976158142,0.4399999976158142,0.7400000095367432
559,0.949999988079071,0.4399999976158142,0.7699999809265137
560,0.9399999976158142,0.46000000834465027,0.7599999904632568
561,0.949999988079071,0.5299999713897705,0.7699999809265137
562,0.9599999785423279,0.5199999809265137,0.7699999809265137
563,0.949999988079071,0.5199999809265137,0.7699999809265137
564,0.9399999976158142,0.49000000953674316,0.7699999809265137
565,0.9599999785423279,0.4699999988079071,0.7799999713897705
566,0.9800000190734863,0.5400000214576721,0.7699999809265137
567,0.9900000095367432,0.5799999833106995,0.7900000214576721
568,0.9700000286102295,0.5299999713897705,0.7900000214576721
569,0.9800000190734863,0.5600000023841858,0.7099999785423279
570,0.9800000190734863,0.5099999904632568,0.699999988079071
571,0.9700000286102295,0.47999998927116394,0.7400000095367432
572,0.949999988079071,0.5400000214576721,0.7599999904632568
573,0.9599999785423279,0.5199999809265137,0.7400000095367432
574,0.9399999976158142,0.4399999976158142,0.7900000214576721
575,0.9700000286102295,0.5600000023841858,0.7900000214576721
576,0.9599999785423279,0.3799999952316284,0.7699999809265137
577,0.9700000286102295,0.5,0.7799999713897705
578,0.9599999785423279,0.4699999988079071,0.7799999713897705
579,0.949999988079071,0.5199999809265137,0.7300000190734863
580,0.949999988079071,0.4000000059604645,0.7799999713897705
581,0.9399999976158142,0.47999998927116394,0.7699999809265137
582,0.9599999785423279,0.49000000953674316,0.7799999713897705
583,0.949999988079071,0.5,0.7799999713897705
584,0.9599999785423279,0.6000000238418579,0.7599999904632568
585,0.9300000071525574,0.38999998569488525,0.7699999809265137
586,0.9800000190734863,0.5600000023841858,0.7599999904632568
587,0.949999988079071,0.550000011920929,0.7599999904632568
588,0.949999988079071,0.49000000953674316,0.75
589,0.9700000286102295,0.5600000023841858,0.7300000190734863
590,0.9599999785423279,0.49000000953674316,0.7799999713897705
591,0.9399999976158142,0.3799999952316284,0.800000011920929
592,0.9599999785423279,0.4099999964237213,0.7900000214576721
593,0.9300000071525574,0.3799999952316284,0.7799999713897705
594,0.9300000071525574,0.44999998807907104,0.7599999904632568
595,0.9900000095367432,0.5099999904632568,0.7699999809265137
596,0.9200000166893005,0.46000000834465027,0.7599999904632568
597,0.9599999785423279,0.5400000214576721,0.7300000190734863
598,0.9700000286102295,0.44999998807907104,0.75
599,0.9399999976158142,0.41999998688697815,0.7599999904632568
600,0.9900000095367432,0.5299999713897705,0.7699999809265137
601,0.9900000095367432,0.5,0.7699999809265137
602,0.9700000286102295,0.49000000953674316,0.7699999809265137
603,0.9800000190734863,0.550000011920929,0.7599999904632568
604,0.9700000286102295,0.4099999964237213,0.7599999904632568
605,0.9800000190734863,0.5099999904632568,0.7699999809265137
606,0.949999988079071,0.5,0.7699999809265137
607,0.9800000190734863,0.49000000953674316,0.7599999904632568
608,0.949999988079071,0.5,0.7799999713897705
609,0.9700000286102295,0.5899999737739563,0.7900000214576721
610,0.9599999785423279,0.5299999713897705,0.7900000214576721
611,0.9800000190734863,0.550000011920929,0.7799999713897705
612,0.9900000095367432,0.5,0.800000011920929
613,0.9700000286102295,0.5299999713897705,0.7799999713897705
614,0.9599999785423279,0.5199999809265137,0.7900000214576721
615,0.9800000190734863,0.5,0.7799999713897705
616,0.9599999785423279,0.5400000214576721,0.7900000214576721
617,0.9599999785423279,0.6299999952316284,0.7900000214576721
618,0.9700000286102295,0.6600000262260437,0.7900000214576721
619,0.9800000190734863,0.6700000166893005,0.7900000214576721
620,0.9599999785423279,0.6100000143051147,0.7900000214576721
621,0.9800000190734863,0.5199999809265137,0.800000011920929
622,0.9700000286102295,0.6100000143051147,0.8199999928474426
623,0.9800000190734863,0.5899999737739563,0.7799999713897705
624,0.9700000286102295,0.5600000023841858,0.7900000214576721
625,0.9300000071525574,0.4399999976158142,0.7699999809265137
626,0.9599999785423279,0.5,0.7799999713897705
627,0.9800000190734863,0.5799999833106995,0.7900000214576721
628,0.9800000190734863,0.5799999833106995,0.7799999713897705
629,0.9800000190734863,0.6299999952316284,0.7400000095367432
630,0.9800000190734863,0.5699999928474426,0.7699999809265137
631,0.9399999976158142,0.6200000047683716,0.7799999713897705
632,0.9599999785423279,0.5,0.7900000214576721
633,0.949999988079071,0.5799999833106995,0.7699999809265137
634,0.9900000095367432,0.46000000834465027,0.7599999904632568
635,0.9900000095367432,0.5899999737739563,0.7699999809265137
636,0.949999988079071,0.6399999856948853,0.7799999713897705
637,0.9700000286102295,0.5400000214576721,0.7799999713897705
638,0.9800000190734863,0.5899999737739563,0.7699999809265137
639,0.949999988079071,0.5199999809265137,0.7900000214576721
640,0.9800000190734863,0.6200000047683716,0.7599999904632568
641,0.9300000071525574,0.6000000238418579,0.7699999809265137
642,0.9800000190734863,0.5899999737739563,0.7599999904632568
643,0.9800000190734863,0.6000000238418579,0.7699999809265137
644,0.9900000095367432,0.5899999737739563,0.75
645,0.9900000095367432,0.6200000047683716,0.7599999904632568
646,1.0,0.6399999856948853,0.7699999809265137
647,0.9599999785423279,0.2199999988079071,0.7699999809265137
648,0.949999988079071,0.5400000214576721,0.7400000095367432
649,0.9599999785423279,0.5699999928474426,0.7300000190734863
650,0.949999988079071,0.6399999856948853,0.75
651,0.9700000286102295,0.5699999928474426,0.7699999809265137
652,0.9800000190734863,0.6000000238418579,0.7400000095367432
653,0.9900000095367432,0.6100000143051147,0.7400000095367432
654,0.949999988079071,0.5699999928474426,0.7300000190734863
655,0.9700000286102295,0.6299999952316284,0.7599999904632568
656,0.9700000286102295,0.6000000238418579,0.7599999904632568
657,0.9800000190734863,0.5699999928474426,0.7599999904632568
658,0.949999988079071,0.5,0.7200000286102295
659,0.9700000286102295,0.5400000214576721,0.6899999976158142
660,0.9700000286102295,0.550000011920929,0.7400000095367432
661,0.9700000286102295,0.6299999952316284,0.7400000095367432
662,0.9800000190734863,0.6399999856948853,0.7400000095367432
663,0.949999988079071,0.6399999856948853,0.75
664,0.949999988079071,0.5699999928474426,0.75
665,0.9399999976158142,0.550000011920929,0.7300000190734863
666,0.9900000095367432,0.6000000238418579,0.75
667,0.9599999785423279,0.6700000166893005,0.7699999809265137
668,0.9800000190734863,0.6299999952316284,0.7699999809265137
669,0.9800000190734863,0.5899999737739563,0.7599999904632568
670,0.9700000286102295,0.5699999928474426,0.7599999904632568
671,0.9900000095367432,0.5699999928474426,0.800000011920929
672,0.9700000286102295,0.6000000238418579,0.800000011920929
673,0.9800000190734863,0.5899999737739563,0.7400000095367432
674,0.9599999785423279,0.5400000214576721,0.7400000095367432
675,0.9700000286102295,0.6299999952316284,0.75
676,0.9900000095367432,0.6600000262260437,0.75
677,0.9599999785423279,0.6000000238418579,0.7699999809265137
678,0.9700000286102295,0.5699999928474426,0.7699999809265137
679,0.9700000286102295,0.5699999928474426,0.7699999809265137
680,0.9700000286102295,0.5899999737739563,0.7699999809265137
681,0.9599999785423279,0.5799999833106995,0.75
682,0.949999988079071,0.6200000047683716,0.7699999809265137
683,0.9599999785423279,0.6800000071525574,0.7599999904632568
684,0.949999988079071,0.5600000023841858,0.7699999809265137
685,0.9800000190734863,0.6800000071525574,0.7599999904632568
686,0.9700000286102295,0.699999988079071,0.7599999904632568
687,0.9800000190734863,0.6800000071525574,0.7599999904632568
688,0.9599999785423279,0.5899999737739563,0.7400000095367432
689,0.9800000190734863,0.6600000262260437,0.75
690,0.9599999785423279,0.5699999928474426,0.7300000190734863
691,0.9599999785423279,0.5600000023841858,0.7599999904632568
692,0.8999999761581421,0.550000011920929,0.7799999713897705
693,0.9599999785423279,0.5199999809265137,0.7699999809265137
694,0.949999988079071,0.5799999833106995,0.7400000095367432
695,0.9800000190734863,0.5799999833106995,0.7200000286102295
696,0.9399999976158142,0.5699999928474426,0.7799999713897705
697,0.949999988079071,0.5899999737739563,0.7900000214576721
698,0.9700000286102295,0.6100000143051147,0.8100000023841858
699,0.9399999976158142,0.5199999809265137,0.8100000023841858
700,0.9599999785423279,0.5899999737739563,0.800000011920929
701,0.9599999785423279,0.6499999761581421,0.800000011920929
702,0.9599999785423279,0.5600000023841858,0.8100000023841858
703,0.9700000286102295,0.6100000143051147,0.7900000214576721
704,0.9700000286102295,0.5799999833106995,0.7699999809265137
705,0.9700000286102295,0.6200000047683716,0.7699999809265137
706,0.9599999785423279,0.5199999809265137,0.7799999713897705
707,0.9599999785423279,0.5899999737739563,0.7900000214576721
708,0.9700000286102295,0.6399999856948853,0.7900000214576721
709,0.9700000286102295,0.6499999761581421,0.7900000214576721
710,0.9800000190734863,0.6700000166893005,0.7900000214576721
711,0.9599999785423279,0.6600000262260437,0.7900000214576721
712,0.9800000190734863,0.6600000262260437,0.7900000214576721
713,0.9800000190734863,0.6399999856948853,0.7900000214576721
714,0.9700000286102295,0.7200000286102295,0.7799999713897705
715,0.9700000286102295,0.2800000011920929,0.7799999713897705
716,0.9900000095367432,0.6299999952316284,0.7900000214576721
717,0.949999988079071,0.6399999856948853,0.7799999713897705
718,0.9800000190734863,0.7099999785423279,0.7900000214576721
719,0.9800000190734863,0.6800000071525574,0.7599999904632568
720,0.9800000190734863,0.6800000071525574,0.7799999713897705
721,0.9900000095367432,0.6600000262260437,0.7799999713897705
722,0.9599999785423279,0.6700000166893005,0.7900000214576721
723,0.9700000286102295,0.7099999785423279,0.7799999713897705
724,0.9700000286102295,0.699999988079071,0.7900000214576721
725,0.9300000071525574,0.6499999761581421,0.7799999713897705
726,0.9900000095367432,0.5099999904632568,0.75
727,0.9599999785423279,0.6499999761581421,0.7699999809265137
728,0.9599999785423279,0.699999988079071,0.75
729,0.949999988079071,0.699999988079071,0.75
730,0.9800000190734863,0.6399999856948853,0.7699999809265137
731,0.9599999785423279,0.6600000262260437,0.75
732,0.949999988079071,0.5699999928474426,0.7900000214576721
733,0.9599999785423279,0.6600000262260437,0.7900000214576721
734,0.9599999785423279,0.5600000023841858,0.7699999809265137
735,0.9700000286102295,0.6499999761581421,0.7699999809265137
736,0.949999988079071,0.699999988079071,0.7699999809265137
737,0.9700000286102295,0.6700000166893005,0.7699999809265137
738,0.9700000286102295,0.6399999856948853,0.7699999809265137
739,0.9800000190734863,0.5699999928474426,0.7599999904632568
740,0.9599999785423279,0.699999988079071,0.7799999713897705
741,0.9599999785423279,0.699999988079071,0.7699999809265137
742,0.9700000286102295,0.699999988079071,0.7699999809265137
743,0.9800000190734863,0.6600000262260437,0.7799999713897705
744,0.9900000095367432,0.6700000166893005,0.7799999713897705
745,0.9900000095367432,0.6200000047683716,0.7799999713897705
746,0.9900000095367432,0.6800000071525574,0.7699999809265137
747,0.9700000286102295,0.6299999952316284,0.7699999809265137
748,0.9900000095367432,0.6399999856948853,0.7699999809265137
749,0.949999988079071,0.6100000143051147,0.7799999713897705
750,0.949999988079071,0.6800000071525574,0.7799999713897705
751,0.9700000286102295,0.6899999976158142,0.7699999809265137
752,0.9700000286102295,0.6399999856948853,0.7799999713897705
753,0.9599999785423279,0.7300000190734863,0.7699999809265137
754,0.9599999785423279,0.6499999761581421,0.7799999713897705
755,0.9900000095367432,0.7099999785423279,0.7699999809265137
756,0.9599999785423279,0.6899999976158142,0.7900000214576721
757,0.9900000095367432,0.6499999761581421,0.7900000214576721
758,0.9800000190734863,0.6899999976158142,0.7699999809265137
759,0.949999988079071,0.6000000238418579,0.7599999904632568
760,0.9900000095367432,0.7099999785423279,0.7699999809265137
761,0.9900000095367432,0.699999988079071,0.7599999904632568
762,0.9700000286102295,0.6800000071525574,0.7799999713897705
763,0.9300000071525574,0.6700000166893005,0.7699999809265137
764,0.9300000071525574,0.699999988079071,0.7699999809265137
765,0.9599999785423279,0.5400000214576721,0.7799999713897705
766,0.9800000190734863,0.6399999856948853,0.7799999713897705
767,0.9800000190734863,0.7099999785423279,0.8100000023841858
768,0.9700000286102295,0.6499999761581421,0.7900000214576721
769,0.9900000095367432,0.699999988079071,0.7799999713897705
770,0.9800000190734863,0.6899999976158142,0.7699999809265137
771,0.9900000095367432,0.7099999785423279,0.7699999809265137
772,0.9800000190734863,0.6600000262260437,0.7900000214576721
773,0.9700000286102295,0.49000000953674316,0.7799999713897705
774,0.949999988079071,0.6800000071525574,0.800000011920929
775,0.9599999785423279,0.6899999976158142,0.7799999713897705
776,0.9800000190734863,0.75,0.7699999809265137
777,0.9700000286102295,0.6700000166893005,0.7900000214576721
778,0.9900000095367432,0.7300000190734863,0.7799999713897705
779,0.9800000190734863,0.5899999737739563,0.7900000214576721
780,0.949999988079071,0.5699999928474426,0.7900000214576721
781,0.949999988079071,0.6499999761581421,0.7699999809265137
782,0.9700000286102295,0.6899999976158142,0.7699999809265137
783,0.9599999785423279,0.699999988079071,0.7599999904632568
784,0.9599999785423279,0.6299999952316284,0.7599999904632568
785,0.9700000286102295,0.699999988079071,0.7599999904632568
786,0.9900000095367432,0.699999988079071,0.7699999809265137
787,0.9700000286102295,0.699999988079071,0.7599999904632568
788,0.949999988079071,0.6600000262260437,0.7599999904632568
789,0.9800000190734863,0.6600000262260437,0.7699999809265137
790,0.9900000095367432,0.5699999928474426,0.7599999904632568
791,1.0,0.7200000286102295,0.7599999904632568
792,0.9599999785423279,0.7099999785423279,0.7599999904632568
793,0.949999988079071,0.6700000166893005,0.7599999904632568
794,0.9800000190734863,0.7099999785423279,0.7599999904632568
795,0.9900000095367432,0.6800000071525574,0.7599999904632568
796,0.9900000095367432,0.699999988079071,0.7599999904632568
797,0.9399999976158142,0.699999988079071,0.7799999713897705
798,0.9300000071525574,0.10999999940395355,0.7699999809265137
799,0.9599999785423279,0.6399999856948853,0.7900000214576721
800,0.9800000190734863,0.23000000417232513,0.7900000214576721
801,0.9900000095367432,0.6800000071525574,0.7799999713897705
802,0.9300000071525574,0.4699999988079071,0.800000011920929
803,0.9700000286102295,0.6600000262260437,0.7900000214576721
804,0.9800000190734863,0.6800000071525574,0.7900000214576721
805,0.9700000286102295,0.6700000166893005,0.7699999809265137
806,0.9700000286102295,0.699999988079071,0.7900000214576721
807,0.9700000286102295,0.6399999856948853,0.8100000023841858
808,0.9700000286102295,0.5400000214576721,0.7900000214576721
809,0.9599999785423279,0.6899999976158142,0.800000011920929
810,0.9700000286102295,0.7300000190734863,0.7900000214576721
811,0.9700000286102295,0.699999988079071,0.7200000286102295
812,0.9700000286102295,0.7400000095367432,0.7200000286102295
813,0.9800000190734863,0.7099999785423279,0.7300000190734863
814,0.9800000190734863,0.7400000095367432,0.7300000190734863
815,0.9599999785423279,0.7300000190734863,0.7200000286102295
816,0.9900000095367432,0.7599999904632568,0.7400000095367432
817,0.9700000286102295,0.7300000190734863,0.7400000095367432
818,0.9700000286102295,0.7400000095367432,0.7400000095367432
819,1.0,0.75,0.7300000190734863
820,0.9700000286102295,0.2800000011920929,0.75
821,0.9900000095367432,0.6399999856948853,0.7599999904632568
822,0.9800000190734863,0.7200000286102295,0.7699999809265137
823,0.9800000190734863,0.7400000095367432,0.7200000286102295
824,0.9800000190734863,0.7799999713897705,0.75
825,0.9599999785423279,0.3499999940395355,0.7300000190734863
826,0.9700000286102295,0.6800000071525574,0.75
827,0.9700000286102295,0.7799999713897705,0.7799999713897705
828,0.9700000286102295,0.7200000286102295,0.75
829,0.9900000095367432,0.4699999988079071,0.75
830,0.9800000190734863,0.699999988079071,0.7300000190734863
831,0.9599999785423279,0.7200000286102295,0.7900000214576721
832,0.9900000095367432,0.49000000953674316,0.7599999904632568
833,0.9800000190734863,0.699999988079071,0.7699999809265137
834,0.9800000190734863,0.699999988079071,0.7599999904632568
835,0.9599999785423279,0.6399999856948853,0.75
836,0.9800000190734863,0.8299999833106995,0.7799999713897705
837,0.9800000190734863,0.2800000011920929,0.7599999904632568
838,0.9900000095367432,0.7599999904632568,0.7799999713897705
839,0.9599999785423279,0.7300000190734863,0.800000011920929
840,0.9900000095367432,0.7699999809265137,0.8100000023841858
841,0.949999988079071,0.7400000095367432,0.800000011920929
842,1.0,0.7699999809265137,0.7900000214576721
843,1.0,0.8199999928474426,0.8100000023841858
844,0.9800000190734863,0.7099999785423279,0.7799999713897705
845,0.9900000095367432,0.7200000286102295,0.8100000023841858
846,0.9800000190734863,0.7200000286102295,0.8100000023841858
847,0.9900000095367432,0.7599999904632568,0.800000011920929
848,1.0,0.75,0.8100000023841858
849,0.9599999785423279,0.6000000238418579,0.800000011920929
850,0.9599999785423279,0.7099999785423279,0.800000011920929
851,0.9700000286102295,0.7599999904632568,0.800000011920929
852,0.9900000095367432,0.33000001311302185,0.7699999809265137
853,0.9700000286102295,0.75,0.7699999809265137
854,0.9599999785423279,0.7099999785423279,0.7799999713897705
855,0.9900000095367432,0.7300000190734863,0.800000011920929
856,0.9700000286102295,0.7599999904632568,0.7900000214576721
857,0.9900000095367432,0.20000000298023224,0.800000011920929
858,0.9900000095367432,0.699999988079071,0.7900000214576721
859,0.9800000190734863,0.7400000095367432,0.75
860,0.9599999785423279,0.3700000047683716,0.7799999713897705
861,0.9700000286102295,0.7200000286102295,0.7599999904632568
862,0.9800000190734863,0.6700000166893005,0.7799999713897705
863,0.949999988079071,0.7099999785423279,0.75
864,0.9599999785423279,0.699999988079071,0.75
865,0.9700000286102295,0.6600000262260437,0.7300000190734863
866,0.9700000286102295,0.6899999976158142,0.7599999904632568
867,0.9800000190734863,0.75,0.7599999904632568
868,0.9700000286102295,0.4399999976158142,0.7699999809265137
869,0.9800000190734863,0.7200000286102295,0.7699999809265137
870,0.9800000190734863,0.25,0.75
871,0.9800000190734863,0.5699999928474426,0.7400000095367432
872,0.9800000190734863,0.6100000143051147,0.75
873,0.9700000286102295,0.6100000143051147,0.800000011920929
874,0.949999988079071,0.6899999976158142,0.7699999809265137
875,0.9599999785423279,0.699999988079071,0.7799999713897705
876,0.9800000190734863,0.7400000095367432,0.7900000214576721
877,0.949999988079071,0.7099999785423279,0.75
878,0.9800000190734863,0.7200000286102295,0.7699999809265137
879,0.949999988079071,0.6800000071525574,0.7699999809265137
880,0.9599999785423279,0.7300000190734863,0.7699999809265137
881,0.9700000286102295,0.7599999904632568,0.7699999809265137
882,0.9599999785423279,0.4300000071525574,0.7699999809265137
883,0.9800000190734863,0.7599999904632568,0.7200000286102295
884,0.9700000286102295,0.6800000071525574,0.7300000190734863
885,0.9900000095367432,0.5799999833106995,0.75
886,0.9800000190734863,0.7699999809265137,0.7300000190734863
887,0.9599999785423279,0.550000011920929,0.7300000190734863
888,0.949999988079071,0.6899999976158142,0.7300000190734863
889,0.9700000286102295,0.7200000286102295,0.7300000190734863
890,0.9100000262260437,0.5799999833106995,0.7200000286102295
891,0.9599999785423279,0.75,0.75
892,0.9599999785423279,0.4699999988079071,0.75
893,0.9200000166893005,0.6600000262260437,0.7599999904632568
894,0.9700000286102295,0.699999988079071,0.7699999809265137
895,0.9900000095367432,0.6600000262260437,0.7599999904632568
896,0.9599999785423279,0.6899999976158142,0.7599999904632568
897,0.949999988079071,0.7599999904632568,0.7599999904632568
898,0.9700000286102295,0.7400000095367432,0.7699999809265137
899,0.9700000286102295,0.7099999785423279,0.7799999713897705
900,0.9599999785423279,0.6100000143051147,0.7900000214576721
901,0.9900000095367432,0.6399999856948853,0.7799999713897705
902,0.9700000286102295,0.7099999785423279,0.7699999809265137
903,0.9599999785423279,0.6499999761581421,0.7599999904632568
904,0.9599999785423279,0.6399999856948853,0.7699999809265137
905,0.9800000190734863,0.6800000071525574,0.7699999809265137
906,0.9800000190734863,0.6899999976158142,0.7699999809265137
907,0.9800000190734863,0.6899999976158142,0.7599999904632568
908,0.9700000286102295,0.75,0.7599999904632568
909,0.949999988079071,0.5699999928474426,0.699999988079071
910,0.9700000286102295,0.7799999713897705,0.699999988079071
911,0.9800000190734863,0.7599999904632568,0.7099999785423279
912,0.9900000095367432,0.7799999713897705,0.6899999976158142
913,0.9700000286102295,0.6899999976158142,0.6899999976158142
914,0.9900000095367432,0.6899999976158142,0.7099999785423279
915,0.9700000286102295,0.6899999976158142,0.7599999904632568
916,0.9700000286102295,0.7599999904632568,0.75
917,0.9900000095367432,0.8100000023841858,0.7599999904632568
918,0.9700000286102295,0.7200000286102295,0.7599999904632568
919,0.9900000095367432,0.7900000214576721,0.7300000190734863
920,0.9900000095367432,0.7599999904632568,0.7400000095367432
921,0.9800000190734863,0.14000000059604645,0.75
922,0.9599999785423279,0.6800000071525574,0.7400000095367432
923,0.9599999785423279,0.6899999976158142,0.7900000214576721
924,0.9900000095367432,0.7599999904632568,0.7599999904632568
925,0.9800000190734863,0.6800000071525574,0.7599999904632568
926,0.9900000095367432,0.699999988079071,0.75
927,0.9700000286102295,0.41999998688697815,0.7699999809265137
928,0.9800000190734863,0.6899999976158142,0.7400000095367432
929,0.9800000190734863,0.7400000095367432,0.7400000095367432
930,0.9700000286102295,0.6800000071525574,0.7799999713897705
931,0.9700000286102295,0.75,0.7799999713897705
932,0.9599999785423279,0.6100000143051147,0.7799999713897705
933,0.9300000071525574,0.6000000238418579,0.7799999713897705
934,0.9800000190734863,0.6499999761581421,0.7799999713897705
935,0.9700000286102295,0.27000001072883606,0.7699999809265137
936,0.9599999785423279,0.800000011920929,0.7699999809265137
937,0.9800000190734863,0.699999988079071,0.7699999809265137
938,0.949999988079071,0.75,0.7799999713897705
939,0.9800000190734863,0.7400000095367432,0.7799999713897705
940,0.9800000190734863,0.6200000047683716,0.7799999713897705
941,0.9599999785423279,0.7300000190734863,0.7900000214576721
942,0.9900000095367432,0.699999988079071,0.7799999713897705
943,0.9800000190734863,0.8100000023841858,0.7900000214576721
944,0.9900000095367432,0.7699999809265137,0.7699999809265137
945,0.9900000095367432,0.7900000214576721,0.7599999904632568
946,1.0,0.4099999964237213,0.7699999809265137
947,0.9900000095367432,0.8100000023841858,0.7799999713897705
948,0.9700000286102295,0.75,0.75
949,0.9700000286102295,0.7099999785423279,0.75
950,0.9599999785423279,0.6299999952316284,0.7799999713897705
951,0.9700000286102295,0.7599999904632568,0.7599999904632568
952,0.9700000286102295,0.7200000286102295,0.7699999809265137
953,0.9700000286102295,0.7900000214576721,0.7799999713897705
954,0.9599999785423279,0.6499999761581421,0.7599999904632568
955,0.9900000095367432,0.800000011920929,0.7699999809265137
956,0.9800000190734863,0.3799999952316284,0.7799999713897705
957,0.9700000286102295,0.7599999904632568,0.7900000214576721
958,0.9800000190734863,0.6800000071525574,0.7799999713897705
959,0.9800000190734863,0.75,0.75
960,0.9700000286102295,0.4399999976158142,0.7900000214576721
961,0.9599999785423279,0.7599999904632568,0.7699999809265137
962,0.9800000190734863,0.5799999833106995,0.7900000214576721
963,0.9599999785423279,0.7400000095367432,0.7900000214576721
964,0.9700000286102295,0.6299999952316284,0.7699999809265137
965,0.9700000286102295,0.6899999976158142,0.7699999809265137
966,0.9700000286102295,0.7400000095367432,0.7699999809265137
967,0.9800000190734863,0.7799999713897705,0.7699999809265137
968,0.9900000095367432,0.6499999761581421,0.7300000190734863
969,0.9900000095367432,0.7300000190734863,0.7400000095367432
970,0.9599999785423279,0.6800000071525574,0.7400000095367432
971,1.0,0.75,0.7599999904632568
972,0.9900000095367432,0.7200000286102295,0.7699999809265137
973,0.9800000190734863,0.7300000190734863,0.75
974,0.9700000286102295,0.7099999785423279,0.75
975,0.9800000190734863,0.800000011920929,0.7599999904632568
976,0.9900000095367432,0.7900000214576721,0.7699999809265137
977,0.9800000190734863,0.7699999809265137,0.7699999809265137
978,0.9900000095367432,0.7900000214576721,0.7599999904632568
979,0.9700000286102295,0.7300000190734863,0.7599999904632568
980,0.9599999785423279,0.7799999713897705,0.7300000190734863
981,0.9800000190734863,0.7300000190734863,0.7599999904632568
982,0.9900000095367432,0.8100000023841858,0.7699999809265137
983,0.9900000095367432,0.7900000214576721,0.7699999809265137
984,0.9900000095367432,0.6899999976158142,0.7699999809265137
985,0.9599999785423279,0.49000000953674316,0.7699999809265137
986,0.9800000190734863,0.7900000214576721,0.7699999809265137
987,0.9700000286102295,0.7400000095367432,0.7699999809265137
988,0.9700000286102295,0.75,0.7599999904632568
989,0.9700000286102295,0.6100000143051147,0.7300000190734863
990,0.9599999785423279,0.6700000166893005,0.7599999904632568
991,0.9599999785423279,0.75,0.7599999904632568
992,0.9599999785423279,0.6899999976158142,0.7599999904632568
993,0.9100000262260437,0.5899999737739563,0.7599999904632568
994,0.9700000286102295,0.7300000190734863,0.7400000095367432
995,0.9900000095367432,0.6600000262260437,0.7400000095367432
996,0.9900000095367432,0.7699999809265137,0.75
997,0.9300000071525574,0.5400000214576721,0.7699999809265137
998,0.9200000166893005,0.6200000047683716,0.75
999,0.9900000095367432,0.8100000023841858,0.7599999904632568
1000,0.9800000190734863,0.2800000011920929,0.7699999809265137
1001,0.9800000190734863,0.7900000214576721,0.7599999904632568
1002,0.949999988079071,0.7400000095367432,0.7699999809265137
1003,0.949999988079071,0.7200000286102295,0.7699999809265137
1004,0.9700000286102295,0.7200000286102295,0.7599999904632568
1005,0.9399999976158142,0.5199999809265137,0.7599999904632568
1006,0.9599999785423279,0.7799999713897705,0.7599999904632568
1007,0.9700000286102295,0.15000000596046448,0.7699999809265137
1008,0.9800000190734863,0.6899999976158142,0.7599999904632568
1009,0.9399999976158142,0.699999988079071,0.75
1010,0.9599999785423279,0.7699999809265137,0.7699999809265137
1011,0.9599999785423279,0.38999998569488525,0.7599999904632568
1012,0.9900000095367432,0.7599999904632568,0.7699999809265137
1013,0.9599999785423279,0.47999998927116394,0.7699999809265137
1014,0.9800000190734863,0.7099999785423279,0.7699999809265137
1015,0.9900000095367432,0.6499999761581421,0.7699999809265137
1016,0.9900000095367432,0.75,0.7799999713897705
1017,0.9900000095367432,0.6499999761581421,0.7900000214576721
1018,0.9300000071525574,0.6800000071525574,0.7599999904632568
1019,0.9800000190734863,0.800000011920929,0.7599999904632568
1020,0.9700000286102295,0.23000000417232513,0.7599999904632568
1021,0.9900000095367432,0.75,0.75
1022,0.9900000095367432,0.8299999833106995,0.75
1023,0.9800000190734863,0.7400000095367432,0.7599999904632568
1024,0.9900000095367432,0.8100000023841858,0.75
1025,0.9900000095367432,0.23000000417232513,0.7599999904632568
1026,0.9900000095367432,0.7400000095367432,0.7699999809265137
1027,0.9599999785423279,0.36000001430511475,0.7900000214576721
1028,0.9700000286102295,0.800000011920929,0.7699999809265137
1029,1.0,0.8299999833106995,0.7599999904632568
1030,0.9800000190734863,0.20999999344348907,0.7699999809265137
1031,0.9800000190734863,0.7900000214576721,0.7599999904632568
1032,0.9700000286102295,0.6499999761581421,0.7599999904632568
1033,0.9800000190734863,0.8199999928474426,0.7599999904632568
1034,0.9900000095367432,0.7599999904632568,0.7599999904632568
1035,0.9800000190734863,0.550000011920929,0.7699999809265137
1036,0.9900000095367432,0.8100000023841858,0.7699999809265137
1037,0.9599999785423279,0.6800000071525574,0.7900000214576721
1038,0.9800000190734863,0.800000011920929,0.7799999713897705
1039,0.9800000190734863,0.7300000190734863,0.7699999809265137
1040,0.9700000286102295,0.7200000286102295,0.7699999809265137
1041,0.9700000286102295,0.5,0.7900000214576721
1042,0.9700000286102295,0.800000011920929,0.7699999809265137
1043,0.9900000095367432,0.7099999785423279,0.7799999713897705
1044,0.9900000095367432,0.800000011920929,0.7799999713897705
1045,0.9900000095367432,0.3499999940395355,0.7799999713897705
1046,0.9900000095367432,0.7599999904632568,0.7599999904632568
1047,0.9900000095367432,0.5600000023841858,0.7799999713897705
1048,0.9700000286102295,0.7200000286102295,0.7699999809265137
1049,0.9800000190734863,0.7900000214576721,0.7699999809265137
1050,0.9599999785423279,0.7099999785423279,0.7799999713897705
1051,0.949999988079071,0.6800000071525574,0.7799999713897705
1052,0.9700000286102295,0.7799999713897705,0.7799999713897705
1053,0.9800000190734863,0.800000011920929,0.7699999809265137
1054,0.9700000286102295,0.5799999833106995,0.7799999713897705
1055,0.9900000095367432,0.7799999713897705,0.7799999713897705
1056,0.9399999976158142,0.6399999856948853,0.7699999809265137
1057,0.9900000095367432,0.7799999713897705,0.7799999713897705
1058,0.9800000190734863,0.6200000047683716,0.7699999809265137
1059,0.9700000286102295,0.7400000095367432,0.7599999904632568
1060,0.9800000190734863,0.28999999165534973,0.7699999809265137
1061,0.9900000095367432,0.7599999904632568,0.7799999713897705
1062,0.9900000095367432,0.4300000071525574,0.7900000214576721
1063,0.9599999785423279,0.7799999713897705,0.7799999713897705
1064,0.9599999785423279,0.7300000190734863,0.7599999904632568
1065,0.9599999785423279,0.15000000596046448,0.7699999809265137
1066,0.9900000095367432,0.7900000214576721,0.7699999809265137
1067,0.9900000095367432,0.6399999856948853,0.7699999809265137
1068,0.949999988079071,0.7400000095367432,0.7699999809265137
1069,0.9800000190734863,0.20999999344348907,0.7599999904632568
1070,0.9399999976158142,0.5799999833106995,0.7599999904632568
1071,0.9700000286102295,0.7699999809265137,0.7599999904632568
1072,0.9900000095367432,0.7699999809265137,0.75
1073,0.9800000190734863,0.7699999809265137,0.7799999713897705
1074,0.9800000190734863,0.75,0.7599999904632568
1075,0.9800000190734863,0.8100000023841858,0.7400000095367432
1076,0.9599999785423279,0.8100000023841858,0.75
1077,0.9700000286102295,0.800000011920929,0.7699999809265137
1078,0.9599999785423279,0.7799999713897705,0.75
1079,0.9700000286102295,0.25999999046325684,0.7599999904632568
1080,0.9700000286102295,0.8199999928474426,0.7900000214576721
1081,0.9599999785423279,0.8100000023841858,0.7799999713897705
1082,0.9599999785423279,0.699999988079071,0.7799999713897705
1083,0.9700000286102295,0.800000011920929,0.7699999809265137
1084,0.9700000286102295,0.6399999856948853,0.75
1085,0.9300000071525574,0.6399999856948853,0.7400000095367432
1086,0.9800000190734863,0.8100000023841858,0.7699999809265137
1087,0.9700000286102295,0.3700000047683716,0.75
1088,0.949999988079071,0.75,0.75
1089,0.9700000286102295,0.7599999904632568,0.7400000095367432
1090,0.9399999976158142,0.6800000071525574,0.7200000286102295
1091,0.9900000095367432,0.7099999785423279,0.7599999904632568
1092,0.9599999785423279,0.20000000298023224,0.7599999904632568
1093,0.949999988079071,0.6600000262260437,0.7400000095367432
1094,0.9900000095367432,0.7900000214576721,0.75
1095,0.9800000190734863,0.7300000190734863,0.7799999713897705
1096,0.9800000190734863,0.7900000214576721,0.7799999713897705
1097,0.949999988079071,0.7200000286102295,0.7900000214576721
1098,0.9599999785423279,0.6899999976158142,0.800000011920929
1099,0.9700000286102295,0.7699999809265137,0.7799999713897705
1100,0.9700000286102295,0.3400000035762787,0.7799999713897705
1101,0.9800000190734863,0.7900000214576721,0.7900000214576721
1102,0.949999988079071,0.5199999809265137,0.7799999713897705
1103,0.949999988079071,0.6600000262260437,0.7900000214576721
1104,0.9900000095367432,0.7599999904632568,0.7799999713897705
1105,0.9900000095367432,0.5799999833106995,0.7900000214576721
1106,0.9900000095367432,0.7099999785423279,0.7699999809265137
1107,0.9800000190734863,0.7400000095367432,0.7599999904632568
1108,0.9700000286102295,0.6499999761581421,0.7699999809265137
1109,1.0,0.7900000214576721,0.7599999904632568
1110,0.9700000286102295,0.6700000166893005,0.7599999904632568
1111,0.9599999785423279,0.6700000166893005,0.7699999809265137
1112,0.9900000095367432,0.5,0.7599999904632568
1113,0.9700000286102295,0.75,0.7599999904632568
1114,0.9900000095367432,0.7699999809265137,0.7799999713897705
1115,1.0,0.41999998688697815,0.7799999713897705
1116,0.9800000190734863,0.7900000214576721,0.7599999904632568
1117,1.0,0.8399999737739563,0.7699999809265137
1118,0.9900000095367432,0.800000011920929,0.7799999713897705
1119,0.9900000095367432,0.5400000214576721,0.7799999713897705
1120,0.9700000286102295,0.7900000214576721,0.7799999713897705
1121,0.9800000190734863,0.6800000071525574,0.7799999713897705
1122,0.9599999785423279,0.7699999809265137,0.7699999809265137
1123,0.9700000286102295,0.6499999761581421,0.7599999904632568
1124,0.9800000190734863,0.8199999928474426,0.7599999904632568
1125,0.9800000190734863,0.07000000029802322,0.7599999904632568
1126,0.9800000190734863,0.7200000286102295,0.7599999904632568
1127,0.9900000095367432,0.6000000238418579,0.7799999713897705
1128,0.9900000095367432,0.7900000214576721,0.7900000214576721
1129,0.9900000095367432,0.6000000238418579,0.7599999904632568
1130,0.9700000286102295,0.6899999976158142,0.7699999809265137
1131,0.9800000190734863,0.8299999833106995,0.75
1132,0.9700000286102295,0.46000000834465027,0.7699999809265137
1133,0.949999988079071,0.7300000190734863,0.800000011920929
1134,0.9800000190734863,0.7799999713897705,0.800000011920929
1135,0.9700000286102295,0.7599999904632568,0.800000011920929
1136,0.9800000190734863,0.800000011920929,0.800000011920929
1137,0.949999988079071,0.8199999928474426,0.8100000023841858
1138,0.949999988079071,0.8100000023841858,0.75
1139,0.9800000190734863,0.7400000095367432,0.7200000286102295
1140,0.9700000286102295,0.8199999928474426,0.7400000095367432
1141,0.9599999785423279,0.8199999928474426,0.7599999904632568
1142,0.9700000286102295,0.7599999904632568,0.7699999809265137
1143,0.9900000095367432,0.7900000214576721,0.7599999904632568
1144,0.9800000190734863,0.41999998688697815,0.7599999904632568
1145,0.9599999785423279,0.800000011920929,0.75
1146,0.9800000190734863,0.8100000023841858,0.7599999904632568
1147,0.9900000095367432,0.800000011920929,0.7599999904632568
1148,0.9900000095367432,0.8199999928474426,0.7699999809265137
1149,0.949999988079071,0.7400000095367432,0.7699999809265137
1150,0.9399999976158142,0.5600000023841858,0.7900000214576721
1151,0.9599999785423279,0.7799999713897705,0.7599999904632568
1152,0.949999988079071,0.5899999737739563,0.75
1153,0.9700000286102295,0.7699999809265137,0.7699999809265137
1154,0.949999988079071,0.699999988079071,0.75
1155,0.9800000190734863,0.800000011920929,0.7799999713897705
1156,0.9700000286102295,0.7799999713897705,0.7799999713897705
1157,0.9599999785423279,0.8399999737739563,0.7699999809265137
1158,0.9800000190734863,0.33000001311302185,0.7599999904632568
1159,0.9800000190734863,0.7699999809265137,0.7699999809265137
1160,0.9800000190734863,0.5799999833106995,0.7699999809265137
1161,0.9700000286102295,0.7900000214576721,0.7599999904632568
1162,0.9599999785423279,0.6800000071525574,0.7699999809265137
1163,0.9399999976158142,0.800000011920929,0.7699999809265137
1164,0.9800000190734863,0.6200000047683716,0.75
1165,0.9700000286102295,0.7400000095367432,0.7599999904632568
1166,1.0,0.8199999928474426,0.7699999809265137
1167,0.9800000190734863,0.7900000214576721,0.7699999809265137
1168,0.9399999976158142,0.7599999904632568,0.7699999809265137
1169,1.0,0.6499999761581421,0.75
1170,0.9900000095367432,0.8299999833106995,0.75
1171,0.9800000190734863,0.7300000190734863,0.7400000095367432
1172,0.9900000095367432,0.009999999776482582,0.75
1173,0.9800000190734863,0.7699999809265137,0.75
1174,0.9700000286102295,0.6600000262260437,0.7599999904632568
1175,0.9700000286102295,0.8199999928474426,0.7699999809265137
1176,0.9800000190734863,0.6800000071525574,0.7699999809265137
1177,0.949999988079071,0.8399999737739563,0.7799999713897705
1178,0.9900000095367432,0.6000000238418579,0.7599999904632568
1179,0.9599999785423279,0.800000011920929,0.7799999713897705
1180,0.9700000286102295,0.8299999833106995,0.800000011920929
1181,0.9700000286102295,0.44999998807907104,0.7799999713897705
1182,0.9700000286102295,0.8299999833106995,0.7599999904632568
1183,0.9900000095367432,0.6200000047683716,0.7900000214576721
1184,0.9900000095367432,0.7799999713897705,0.75
1185,0.9900000095367432,0.699999988079071,0.7799999713897705
1186,0.9700000286102295,0.8100000023841858,0.7900000214576721
1187,0.9800000190734863,0.3400000035762787,0.7699999809265137
1188,0.949999988079071,0.7599999904632568,0.7400000095367432
1189,0.9700000286102295,0.7300000190734863,0.7599999904632568
1190,0.949999988079071,0.41999998688697815,0.7599999904632568
1191,0.9900000095367432,0.8100000023841858,0.7599999904632568
1192,0.9900000095367432,0.28999999165534973,0.7799999713897705
1193,0.949999988079071,0.7099999785423279,0.7699999809265137
1194,0.9900000095367432,0.8100000023841858,0.7599999904632568
1195,0.9900000095367432,0.6499999761581421,0.7799999713897705
1196,0.949999988079071,0.7099999785423279,0.7599999904632568
1197,0.9599999785423279,0.6000000238418579,0.7599999904632568
1198,0.9700000286102295,0.7699999809265137,0.7799999713897705
1199,0.9800000190734863,0.800000011920929,0.7699999809265137
1200,0.9800000190734863,0.07999999821186066,0.7799999713897705
1201,0.9900000095367432,0.7400000095367432,0.7699999809265137
1202,0.9700000286102295,0.1599999964237213,0.7900000214576721
1203,0.9399999976158142,0.75,0.7900000214576721
1204,0.9800000190734863,0.7400000095367432,0.7799999713897705
1205,0.9599999785423279,0.029999999329447746,0.7799999713897705
1206,1.0,0.7799999713897705,0.7799999713897705
1207,0.9900000095367432,0.5199999809265137,0.7699999809265137
1208,0.9599999785423279,0.7900000214576721,0.7699999809265137
1209,0.9800000190734863,0.8500000238418579,0.7799999713897705
1210,0.9800000190734863,0.4300000071525574,0.7799999713897705
1211,0.9700000286102295,0.6600000262260437,0.7599999904632568
1212,0.9800000190734863,0.20999999344348907,0.7699999809265137
1213,0.9300000071525574,0.5699999928474426,0.7400000095367432
1214,0.9800000190734863,0.7300000190734863,0.7699999809265137
1215,0.9800000190734863,0.7200000286102295,0.7599999904632568
1216,0.9800000190734863,0.699999988079071,0.7599999904632568
1217,0.9900000095367432,0.75,0.7699999809265137
1218,0.9800000190734863,0.699999988079071,0.75
1219,0.9900000095367432,0.699999988079071,0.7699999809265137
1220,0.9700000286102295,0.7400000095367432,0.7699999809265137
1221,0.9900000095367432,0.7200000286102295,0.7699999809265137
1222,0.9800000190734863,0.8100000023841858,0.7699999809265137
1223,0.9800000190734863,0.7900000214576721,0.7699999809265137
1224,0.9900000095367432,0.8199999928474426,0.7699999809265137
1225,0.9599999785423279,0.11999999731779099,0.7599999904632568
1226,0.9599999785423279,0.7699999809265137,0.7699999809265137
1227,0.9599999785423279,0.41999998688697815,0.7699999809265137
1228,0.9800000190734863,0.800000011920929,0.7699999809265137
1229,0.9900000095367432,0.6499999761581421,0.7699999809265137
1230,0.9599999785423279,0.7699999809265137,0.7699999809265137
1231,0.9800000190734863,0.8600000143051147,0.7699999809265137
1232,0.9800000190734863,0.1599999964237213,0.7699999809265137
1233,0.9800000190734863,0.8600000143051147,0.7699999809265137
1234,0.9800000190734863,0.6899999976158142,0.7900000214576721
1235,0.9800000190734863,0.8299999833106995,0.7900000214576721
1236,0.9700000286102295,0.8299999833106995,0.7699999809265137
1237,0.949999988079071,0.800000011920929,0.7400000095367432
1238,0.9900000095367432,0.8100000023841858,0.7400000095367432
1239,0.949999988079071,0.7900000214576721,0.7400000095367432
1240,0.9800000190734863,0.7799999713897705,0.7400000095367432
1241,0.9800000190734863,0.8399999737739563,0.7599999904632568
1242,1.0,0.5,0.7400000095367432
1243,1.0,0.8100000023841858,0.75
1244,1.0,0.6399999856948853,0.7599999904632568
1245,1.0,0.800000011920929,0.75
1246,0.9900000095367432,0.8299999833106995,0.75
1247,0.9800000190734863,0.8100000023841858,0.75
1248,0.9900000095367432,0.6800000071525574,0.7400000095367432
1249,1.0,0.8299999833106995,0.7599999904632568
1250,0.9399999976158142,0.3100000023841858,0.7599999904632568
1251,0.9700000286102295,0.8299999833106995,0.75
1252,0.9800000190734863,0.4000000059604645,0.75
1253,0.9900000095367432,0.8199999928474426,0.75
1254,0.9900000095367432,0.699999988079071,0.7400000095367432
1255,0.9800000190734863,0.8600000143051147,0.7599999904632568
1256,0.949999988079071,0.5600000023841858,0.75
1257,0.9900000095367432,0.8299999833106995,0.7699999809265137
1258,0.9700000286102295,0.1899999976158142,0.7300000190734863
1259,0.9399999976158142,0.800000011920929,0.75
1260,0.9900000095367432,0.800000011920929,0.7599999904632568
1261,0.9700000286102295,0.7799999713897705,0.7799999713897705
1262,0.949999988079071,0.5799999833106995,0.7900000214576721
1263,0.9399999976158142,0.800000011920929,0.7699999809265137
1264,0.949999988079071,0.8199999928474426,0.7599999904632568
1265,0.949999988079071,0.20000000298023224,0.7599999904632568
1266,0.9700000286102295,0.8100000023841858,0.7699999809265137
1267,0.9900000095367432,0.49000000953674316,0.7599999904632568
1268,0.9700000286102295,0.75,0.75
1269,0.9900000095367432,0.27000001072883606,0.7699999809265137
1270,0.949999988079071,0.7599999904632568,0.7599999904632568
1271,0.9700000286102295,0.7900000214576721,0.7599999904632568
1272,1.0,0.6700000166893005,0.75
1273,0.9800000190734863,0.7799999713897705,0.7300000190734863
1274,0.949999988079071,0.6700000166893005,0.7400000095367432
1275,0.9800000190734863,0.800000011920929,0.7300000190734863
1276,0.9700000286102295,0.8100000023841858,0.7400000095367432
1277,0.9800000190734863,0.8100000023841858,0.7099999785423279
1278,0.9800000190734863,0.8100000023841858,0.7200000286102295
1279,0.9599999785423279,0.8199999928474426,0.699999988079071
1280,0.9599999785423279,0.7900000214576721,0.7099999785423279
1281,0.9700000286102295,0.7099999785423279,0.7200000286102295
1282,0.9599999785423279,0.7799999713897705,0.7300000190734863
1283,0.9700000286102295,0.800000011920929,0.7400000095367432
1284,0.9800000190734863,0.7699999809265137,0.7300000190734863
1285,0.9800000190734863,0.699999988079071,0.7200000286102295
1286,0.9900000095367432,0.7900000214576721,0.7400000095367432
1287,0.9800000190734863,0.7900000214576721,0.7300000190734863
1288,0.9399999976158142,0.10000000149011612,0.6899999976158142
1289,0.9599999785423279,0.800000011920929,0.699999988079071
1290,0.949999988079071,0.75,0.699999988079071
1291,1.0,0.8199999928474426,0.7599999904632568
1292,0.9599999785423279,0.4000000059604645,0.7799999713897705
1293,0.9900000095367432,0.8100000023841858,0.7599999904632568
1294,1.0,0.800000011920929,0.7300000190734863
1295,0.9900000095367432,0.1599999964237213,0.7300000190734863
1296,0.9900000095367432,0.7599999904632568,0.75
1297,0.9599999785423279,0.6399999856948853,0.7300000190734863
1298,0.9700000286102295,0.7599999904632568,0.7400000095367432
1299,0.9700000286102295,0.800000011920929,0.7699999809265137
1300,0.9599999785423279,0.18000000715255737,0.7599999904632568
1301,1.0,0.8199999928474426,0.75
1302,0.9800000190734863,0.7099999785423279,0.7599999904632568
1303,0.9900000095367432,0.7900000214576721,0.7599999904632568
1304,0.9900000095367432,0.6399999856948853,0.75
1305,0.9100000262260437,0.699999988079071,0.7699999809265137
1306,0.9900000095367432,0.8100000023841858,0.7699999809265137
1307,1.0,0.4000000059604645,0.75
1308,0.9599999785423279,0.7699999809265137,0.7699999809265137
1309,0.9599999785423279,0.7900000214576721,0.75
1310,0.9800000190734863,0.8100000023841858,0.75
1311,0.9900000095367432,0.7400000095367432,0.75
1312,0.9900000095367432,0.5600000023841858,0.7900000214576721
1313,0.949999988079071,0.6700000166893005,0.7400000095367432
1314,1.0,0.7300000190734863,0.7599999904632568
1315,0.9800000190734863,0.6299999952316284,0.7400000095367432
1316,0.9700000286102295,0.7400000095367432,0.7099999785423279
1317,1.0,0.8100000023841858,0.7400000095367432
1318,0.9900000095367432,0.7599999904632568,0.7200000286102295
1319,1.0,0.7900000214576721,0.7400000095367432
1320,0.9900000095367432,0.25999999046325684,0.7300000190734863
1321,0.9700000286102295,0.7300000190734863,0.7200000286102295
1322,0.9900000095367432,0.8500000238418579,0.7300000190734863
1323,1.0,0.5199999809265137,0.7400000095367432
1324,1.0,0.8399999737739563,0.75
1325,0.9399999976158142,0.3700000047683716,0.6899999976158142
1326,0.9800000190734863,0.7699999809265137,0.75
1327,0.9800000190734863,0.7599999904632568,0.7599999904632568
1328,0.9800000190734863,0.6800000071525574,0.75
1329,0.9800000190734863,0.800000011920929,0.7599999904632568
1330,0.9599999785423279,0.05000000074505806,0.7599999904632568
1331,0.9800000190734863,0.800000011920929,0.7599999904632568
1332,0.9900000095367432,0.28999999165534973,0.75
1333,0.9700000286102295,0.7699999809265137,0.75
1334,0.9800000190734863,0.8500000238418579,0.7599999904632568
1335,0.9800000190734863,0.800000011920929,0.7699999809265137
1336,1.0,0.8100000023841858,0.7599999904632568
1337,0.9800000190734863,0.46000000834465027,0.7699999809265137
1338,0.9800000190734863,0.8199999928474426,0.75
1339,0.9900000095367432,0.6399999856948853,0.7599999904632568
1340,0.9800000190734863,0.7799999713897705,0.75
1341,0.9599999785423279,0.8100000023841858,0.7599999904632568
1342,0.9800000190734863,0.5199999809265137,0.7599999904632568
1343,0.9900000095367432,0.8700000047683716,0.75
1344,0.9900000095367432,0.6299999952316284,0.7599999904632568
1345,0.9800000190734863,0.8899999856948853,0.75
1346,0.9900000095367432,0.8600000143051147,0.7599999904632568
1347,1.0,0.20999999344348907,0.75
1348,0.9900000095367432,0.8100000023841858,0.7400000095367432
1349,0.9900000095367432,0.7300000190734863,0.7599999904632568
1350,0.9599999785423279,0.7799999713897705,0.7400000095367432
1351,0.9599999785423279,0.8199999928474426,0.75
1352,0.9900000095367432,0.4300000071525574,0.7599999904632568
1353,0.9800000190734863,0.7599999904632568,0.7400000095367432
1354,0.9800000190734863,0.6600000262260437,0.7300000190734863
1355,0.9700000286102295,0.800000011920929,0.7599999904632568
1356,0.9399999976158142,0.46000000834465027,0.7400000095367432
1357,0.9800000190734863,0.8299999833106995,0.7400000095367432
1358,0.9599999785423279,0.4000000059604645,0.7200000286102295
1359,0.9900000095367432,0.7799999713897705,0.7300000190734863
1360,0.9800000190734863,0.8100000023841858,0.7300000190734863
1361,0.9599999785423279,0.7799999713897705,0.7300000190734863
1362,0.9599999785423279,0.699999988079071,0.7599999904632568
1363,0.9399999976158142,0.7799999713897705,0.75
1364,0.9399999976158142,0.33000001311302185,0.7300000190734863
1365,0.949999988079071,0.7099999785423279,0.7099999785423279
1366,0.9599999785423279,0.6000000238418579,0.7300000190734863
1367,0.9700000286102295,0.7699999809265137,0.7400000095367432
1368,0.949999988079071,0.25,0.7400000095367432
1369,0.9800000190734863,0.7300000190734863,0.7099999785423279
1370,0.9599999785423279,0.4000000059604645,0.7400000095367432
1371,0.9800000190734863,0.8100000023841858,0.7300000190734863
1372,0.9900000095367432,0.7900000214576721,0.75
1373,0.9700000286102295,0.14000000059604645,0.7400000095367432
1374,0.949999988079071,0.75,0.7400000095367432
1375,0.9900000095367432,0.6499999761581421,0.7300000190734863
1376,0.9700000286102295,0.8100000023841858,0.75
1377,0.9700000286102295,0.3199999928474426,0.75
1378,0.9800000190734863,0.7200000286102295,0.7300000190734863
1379,0.949999988079071,0.7400000095367432,0.7099999785423279
1380,0.949999988079071,0.7200000286102295,0.75
1381,0.949999988079071,0.7699999809265137,0.7099999785423279
1382,0.9700000286102295,0.7300000190734863,0.7400000095367432
1383,0.9800000190734863,0.800000011920929,0.7400000095367432
1384,0.9900000095367432,0.7400000095367432,0.7400000095367432
1385,0.9800000190734863,0.75,0.7400000095367432
1386,0.9900000095367432,0.7799999713897705,0.7400000095367432
1387,0.9599999785423279,0.8100000023841858,0.7400000095367432

